degree,main_attack_damage,main_attack_damage_boss,main_attack_pierce,main_attack_cooldown,main_attack_range,main_attack_projectile_count,main_attack_dot,main_attack_dot_boss,main_attack_dot_duration,orbit_attack_damage,orbit_attack_damage_ceramic,orbit_attack_damage_boss,orbit_attack_pierce,orbit_attack_cooldown,orbit_attack_range,press_attack_damage,press_attack_damage_moab,press_attack_damage_boss,press_attack_pierce,press_attack_cooldown,press_attack_rehit,press_attack_range,press_knockback_moab,press_knockback_bfb,press_knockback_zomg,press_knockback_ddt,press_explosion_damage,press_explosion_damage_boss,press_explosion_pierce,press_explosion_dot,press_explosion_dot_boss,press_explosion_dot_duration,primary_tower_attack_cooldown_multiplier
1,20.0,70.0,100.0,0.04,60,1,750.0,750.0,15,42.0,62.0,212.0,1000.0,0.1,50,1.0,20.0,20.0,300.0,3.0,0.1,100,1,0.5,0.25,0.25,2500,6500.0,20.0,500,500.0,4,0.9
20,24.8,105.4,120.9,0.0306,60,1,893.5,1116.9,15,51.0,74.8,316.6,1191.9,0.0764,50,2.2,24.8,31.0,358.9,2.2932,0.1,100,1,0.5,0.25,0.25,2976,9670.0,25.7,596,745.0,4,0.9
40,30.8,150.5,142.9,0.0277,60,1,1045.5,1568.3,15,61.4,89.2,446.5,1393.9,0.0694,50,4.4,30.8,46.2,420.9,2.081,0.1,100,1,0.5,0.25,0.25,3478,13557.0,31.7,698,1047.0,4,0.9
60,36.8,203.5,164.9,0.0259,60,1,1197.5,2095.6,15,71.8,103.6,598.6,1595.9,0.0648,50,6.6,36.8,64.4,482.9,1.9441,0.1,100,1,0.5,0.25,0.25,3980,18095.0,37.7,800,1400.0,4,0.9
80,42.8,264.6,186.9,0.0246,60,1,1349.5,2699.0,15,82.2,118.0,773.0,1797.9,0.0614,50,8.8,42.8,85.6,544.9,1.8422,0.1,100,1,0.5,0.25,0.25,4482,23284.0,43.7,902,1804.0,4,0.9
91,47.0,284.0,199.0,0.0239,60,1,1434.0,2868.0,15,88.8,126.8,832.6,1909.0,0.0599,50,10.9,47.0,94.0,579.0,1.7955,0.1,100,1,0.5,0.25,0.25,4759,24718.0,47.0,959,1918.0,4,0.9
100,50.0,382.5,210.0,0.0235,60,1,1510.0,3397.5,15,94.0,134.0,976.5,2010.0,0.0587,50,12.0,50.0,112.5,610.0,1.761,0.1,100,1,0.5,0.25,0.25,5010,29272.5,50.0,1010,2272.5,4,0.9
