degree,main_attack_dart_damage,main_attack_dart_damage_moab,main_attack_dart_damage_boss,main_attack_dart_pierce,main_attack_dart_projectile_count,main_attack_dart_range,main_attack_cannon_damage,main_attack_cannon_damage_moab,main_attack_cannon_damage_boss,main_attack_cannon_pierce,main_attack_cannon_projectile_count,main_attack_cannon_range,main_attack_gun_count,main_attack_cooldown,plane_dart_damage,plane_dart_damage_boss,plane_dart_pierce,plane_dart_cooldown,plane_missile_damage,plane_missile_damage_boss,plane_missile_pierce,plane_missile_cooldown,plane_missile_count,plane_missile_range,moab_hook_count,moab_hooks_per_moab,moab_hooks_per_bfb,moab_hooks_per_zomg,moab_hooks_per_ddt,moab_hook_reload,moab_hooks_cooldown,activated_ability_1_cooldown,activated_ability_1_uses_per_round,water_tower_attack_cooldown_multiplier,ace_attack_cooldown_multiplier,sellback_value_in_range,merchantmen_damage_buff,merchantmen_damage_buff_ceramic,merchantmen_damage_buff_moab,merchantmen_income_buff
1,25.0,55.0,85.0,10.0,6,60,60.0,120.0,200.0,28.0,3,40,6,0.25,44.0,88.0,14.0,0.18,200,400.0,10.0,1.8,4,30,10,1,1,2,1,10,1,30.0,2,0.85,0.85,1.12,10,10,10,10
20,30.8,66.4,127.7,13.8,6,60,72.4,143.8,269.0,35.22,3,40,6,0.1911,53.4,132.2,18.56,0.1376,239,596.3,13.8,1.3759,4,30,10,1,1,2,1,10,1,22.9,2,0.85,0.85,1.12,10,10,10,10
40,37.8,79.5,181.7,17.8,6,60,86.4,169.8,379.8,42.82,3,40,6,0.1734,64.2,188.0,23.36,0.1249,281,838.5,17.8,1.2486,4,30,10,1,1,2,1,10,1,20.8,2,0.85,0.85,1.12,10,10,10,10
60,44.8,92.4,245.3,21.8,6,60,100.4,195.8,509.6,50.42,3,40,6,0.162,75.0,253.6,28.16,0.1166,323,1121.8,21.8,1.1665,4,30,10,1,1,2,1,10,1,19.4,2,0.85,0.85,1.12,10,10,10,10
80,51.8,105.5,318.3,25.8,6,60,114.4,221.8,658.4,58.02,3,40,6,0.1535,85.8,329.0,32.96,0.1105,365,1446.0,25.8,1.1053,4,30,10,1,1,2,1,10,1,18.4,2,0.85,0.85,1.12,10,10,10,10
91,56.5,113.5,341.0,28.0,6,60,123.0,237.0,702.0,62.2,3,40,6,0.1496,92.6,352.4,35.6,0.1077,389,1538.0,28.0,1.0773,4,30,10,1,1,2,1,10,1,18.0,2,0.85,0.85,1.12,10,10,10,10
100,60.0,120.0,405.0,30.0,6,60,130.0,250.0,832.5,66.0,3,40,6,0.1468,98.0,418.5,38.0,0.1057,410,1822.5,30.0,1.0566,4,30,10,1,1,2,1,10,1,17.6,2,0.85,0.85,1.12,10,10,10,10
