Difficulty,Apex Plasma Master,Glaive Dominus,Ascended Shadow,Navarch of the Seas,Master Builder,Goliath Doomship,Magus Perfectus,Nautic Siege Core,Crucible of Steel and Flame,Mega Massive Munitions Factory,Ballistic Obliteration Missile Bunker
Easy,127500,212500,425000,467500,552500,765000,680000,340000,170000,637500,510000
Medium,150000,250000,500000,550000,650000,900000,800000,400000,200000,750000,600000
Hard,162000,270000,540000,594000,702000,972000,864000,432000,216000,810000,648000
Impoppable,180000,300000,600000,660000,780000,1080000,960000,480000,240000,900000,720000
